Time,Price
1/2/2020 10:00,29.01
1/2/2020 11:00,28.925
1/2/2020 12:00,28.89
1/2/2020 13:00,28.87
1/2/2020 14:00,28.795
1/2/2020 15:00,28.662
1/2/2020 16:00,28.59973684
1/2/2020 17:00,28.53747368
1/2/2020 18:00,28.47521053
1/2/2020 19:00,28.41294737
1/2/2020 20:00,28.35068421
1/2/2020 21:00,28.28842105
1/2/2020 22:00,28.22615789
1/2/2020 23:00,28.16389474
1/3/2020 0:00,28.10163158
1/3/2020 1:00,28.03936842
1/3/2020 2:00,27.97710526
1/3/2020 3:00,27.91484211
1/3/2020 4:00,27.85257895
1/3/2020 5:00,27.79031579
1/3/2020 6:00,27.72805263
1/3/2020 7:00,27.66578947
1/3/2020 8:00,27.60352632
1/3/2020 9:00,27.54126316
1/3/2020 10:00,27.479
1/3/2020 11:00,27.901
1/3/2020 12:00,28.048
1/3/2020 13:00,28.015
1/3/2020 14:00,27.725
1/3/2020 15:00,27.82
1/3/2020 16:00,27.81162687
1/3/2020 17:00,27.80325373
1/3/2020 18:00,27.7948806
1/3/2020 19:00,27.78650746
1/3/2020 20:00,27.77813433
1/3/2020 21:00,27.76976119
1/3/2020 22:00,27.76138806
1/3/2020 23:00,27.75301493
1/4/2020 0:00,27.74464179
1/4/2020 1:00,27.73626866
1/4/2020 2:00,27.72789552
1/4/2020 3:00,27.71952239
1/4/2020 4:00,27.71114925
1/4/2020 5:00,27.70277612
1/4/2020 6:00,27.69440299
1/4/2020 7:00,27.68602985
1/4/2020 8:00,27.67765672
1/4/2020 9:00,27.66928358
1/4/2020 10:00,27.66091045
1/4/2020 11:00,27.65253731
1/4/2020 12:00,27.64416418
1/4/2020 13:00,27.63579104
1/4/2020 14:00,27.62741791
1/4/2020 15:00,27.61904478
1/4/2020 16:00,27.61067164
1/4/2020 17:00,27.60229851
1/4/2020 18:00,27.59392537
1/4/2020 19:00,27.58555224
1/4/2020 20:00,27.5771791
1/4/2020 21:00,27.56880597
1/4/2020 22:00,27.56043284
1/4/2020 23:00,27.5520597
1/5/2020 0:00,27.54368657
1/5/2020 1:00,27.53531343
1/5/2020 2:00,27.5269403
1/5/2020 3:00,27.51856716
1/5/2020 4:00,27.51019403
1/5/2020 5:00,27.5018209
1/5/2020 6:00,27.49344776
1/5/2020 7:00,27.48507463
1/5/2020 8:00,27.47670149
1/5/2020 9:00,27.46832836
1/5/2020 10:00,27.45995522
1/5/2020 11:00,27.45158209
1/5/2020 12:00,27.44320896
1/5/2020 13:00,27.43483582
1/5/2020 14:00,27.42646269
1/5/2020 15:00,27.41808955
1/5/2020 16:00,27.40971642
1/5/2020 17:00,27.40134328
1/5/2020 18:00,27.39297015
1/5/2020 19:00,27.38459701
1/5/2020 20:00,27.37622388
1/5/2020 21:00,27.36785075
1/5/2020 22:00,27.35947761
1/5/2020 23:00,27.35110448
1/6/2020 0:00,27.34273134
1/6/2020 1:00,27.33435821
1/6/2020 2:00,27.32598507
1/6/2020 3:00,27.31761194
1/6/2020 4:00,27.30923881
1/6/2020 5:00,27.30086567
1/6/2020 6:00,27.29249254
1/6/2020 7:00,27.2841194
1/6/2020 8:00,27.27574627
1/6/2020 9:00,27.26737313
1/6/2020 10:00,27.259
1/6/2020 11:00,27.23
1/6/2020 12:00,27.385
1/6/2020 13:00,27.407
1/6/2020 14:00,27.27
1/6/2020 15:00,27.301
1/6/2020 16:00,27.30910526
1/6/2020 17:00,27.31721053
1/6/2020 18:00,27.32531579
1/6/2020 19:00,27.33342105
1/6/2020 20:00,27.34152632
1/6/2020 21:00,27.34963158
1/6/2020 22:00,27.35773684
1/6/2020 23:00,27.36584211
1/7/2020 0:00,27.37394737
1/7/2020 1:00,27.38205263
1/7/2020 2:00,27.39015789
1/7/2020 3:00,27.39826316
1/7/2020 4:00,27.40636842
1/7/2020 5:00,27.41447368
1/7/2020 6:00,27.42257895
1/7/2020 7:00,27.43068421
1/7/2020 8:00,27.43878947
1/7/2020 9:00,27.44689474
1/7/2020 10:00,27.455
1/7/2020 11:00,27.59
1/7/2020 12:00,27.122
1/7/2020 13:00,27.109
1/7/2020 14:00,27.096
1/7/2020 15:00,27.235
1/7/2020 16:00,27.25531579
1/7/2020 17:00,27.27563158
1/7/2020 18:00,27.29594737
1/7/2020 19:00,27.31626316
1/7/2020 20:00,27.33657895
1/7/2020 21:00,27.35689474
1/7/2020 22:00,27.37721053
1/7/2020 23:00,27.39752632
1/8/2020 0:00,27.41784211
1/8/2020 1:00,27.43815789
1/8/2020 2:00,27.45847368
1/8/2020 3:00,27.47878947
1/8/2020 4:00,27.49910526
1/8/2020 5:00,27.51942105
1/8/2020 6:00,27.53973684
1/8/2020 7:00,27.56005263
1/8/2020 8:00,27.58036842
1/8/2020 9:00,27.60068421
1/8/2020 10:00,27.621
1/8/2020 11:00,27.33
1/8/2020 12:00,27.74
1/8/2020 13:00,27.865
1/8/2020 14:00,27.9435
1/8/2020 15:00,28.022
1/8/2020 16:00,28.02057895
1/8/2020 17:00,28.01915789
1/8/2020 18:00,28.01773684
1/8/2020 19:00,28.01631579
1/8/2020 20:00,28.01489474
1/8/2020 21:00,28.01347368
1/8/2020 22:00,28.01205263
1/8/2020 23:00,28.01063158
1/9/2020 0:00,28.00921053
1/9/2020 1:00,28.00778947
1/9/2020 2:00,28.00636842
1/9/2020 3:00,28.00494737
1/9/2020 4:00,28.00352632
1/9/2020 5:00,28.00210526
1/9/2020 6:00,28.00068421
1/9/2020 7:00,27.99926316
1/9/2020 8:00,27.99784211
1/9/2020 9:00,27.99642105
1/9/2020 10:00,27.995
1/9/2020 11:00,27.986
1/9/2020 12:00,27.977
1/9/2020 13:00,27.81
1/9/2020 14:00,27.921
1/9/2020 15:00,27.949
1/9/2020 16:00,27.91947368
1/9/2020 17:00,27.88994737
1/9/2020 18:00,27.86042105
1/9/2020 19:00,27.83089474
1/9/2020 20:00,27.80136842
1/9/2020 21:00,27.77184211
1/9/2020 22:00,27.74231579
1/9/2020 23:00,27.71278947
1/10/2020 0:00,27.68326316
1/10/2020 1:00,27.65373684
1/10/2020 2:00,27.62421053
1/10/2020 3:00,27.59468421
1/10/2020 4:00,27.56515789
1/10/2020 5:00,27.53563158
1/10/2020 6:00,27.50610526
1/10/2020 7:00,27.47657895
1/10/2020 8:00,27.44705263
1/10/2020 9:00,27.41752632
1/10/2020 10:00,27.388
1/10/2020 11:00,27.555
1/10/2020 12:00,27.485
1/10/2020 13:00,27.415
1/10/2020 14:00,27.42
1/10/2020 15:00,27.41717647
1/10/2020 16:00,27.41435294
1/10/2020 17:00,27.41152941
1/10/2020 18:00,27.40870588
1/10/2020 19:00,27.40588235
1/10/2020 20:00,27.40305882
1/10/2020 21:00,27.40023529
1/10/2020 22:00,27.39741176
1/10/2020 23:00,27.39458824
1/11/2020 0:00,27.39176471
1/11/2020 1:00,27.38894118
1/11/2020 2:00,27.38611765
1/11/2020 3:00,27.38329412
1/11/2020 4:00,27.38047059
1/11/2020 5:00,27.37764706
1/11/2020 6:00,27.37482353
1/11/2020 7:00,27.372
1/11/2020 8:00,27.36917647
1/11/2020 9:00,27.36635294
1/11/2020 10:00,27.36352941
1/11/2020 11:00,27.36070588
1/11/2020 12:00,27.35788235
1/11/2020 13:00,27.35505882
1/11/2020 14:00,27.35223529
1/11/2020 15:00,27.34941176
1/11/2020 16:00,27.34658824
1/11/2020 17:00,27.34376471
1/11/2020 18:00,27.34094118
1/11/2020 19:00,27.33811765
1/11/2020 20:00,27.33529412
1/11/2020 21:00,27.33247059
1/11/2020 22:00,27.32964706
1/11/2020 23:00,27.32682353
1/12/2020 0:00,27.324
1/12/2020 1:00,27.32117647
1/12/2020 2:00,27.31835294
1/12/2020 3:00,27.31552941
1/12/2020 4:00,27.31270588
1/12/2020 5:00,27.30988235
1/12/2020 6:00,27.30705882
1/12/2020 7:00,27.30423529
1/12/2020 8:00,27.30141176
1/12/2020 9:00,27.29858824
1/12/2020 10:00,27.29576471
1/12/2020 11:00,27.29294118
1/12/2020 12:00,27.29011765
1/12/2020 13:00,27.28729412
1/12/2020 14:00,27.28447059
1/12/2020 15:00,27.28164706
1/12/2020 16:00,27.27882353
1/12/2020 17:00,27.276
1/12/2020 18:00,27.27317647
1/12/2020 19:00,27.27035294
1/12/2020 20:00,27.26752941
1/12/2020 21:00,27.26470588
1/12/2020 22:00,27.26188235
1/12/2020 23:00,27.25905882
1/13/2020 0:00,27.25623529
1/13/2020 1:00,27.25341176
1/13/2020 2:00,27.25058824
1/13/2020 3:00,27.24776471
1/13/2020 4:00,27.24494118
1/13/2020 5:00,27.24211765
1/13/2020 6:00,27.23929412
1/13/2020 7:00,27.23647059
1/13/2020 8:00,27.23364706
1/13/2020 9:00,27.23082353
1/13/2020 10:00,27.228
1/13/2020 11:00,27.418
1/13/2020 12:00,27.3405
1/13/2020 13:00,27.263
1/13/2020 14:00,27.235
1/13/2020 15:00,27.345
1/13/2020 16:00,27.39889474
1/13/2020 17:00,27.45278947
1/13/2020 18:00,27.50668421
1/13/2020 19:00,27.56057895
1/13/2020 20:00,27.61447368
1/13/2020 21:00,27.66836842
1/13/2020 22:00,27.72226316
1/13/2020 23:00,27.77615789
1/14/2020 0:00,27.83005263
1/14/2020 1:00,27.88394737
1/14/2020 2:00,27.93784211
1/14/2020 3:00,27.99173684
1/14/2020 4:00,28.04563158
1/14/2020 5:00,28.09952632
1/14/2020 6:00,28.15342105
1/14/2020 7:00,28.20731579
1/14/2020 8:00,28.26121053
1/14/2020 9:00,28.31510526
1/14/2020 10:00,28.369
1/14/2020 11:00,27.865
1/14/2020 12:00,27.778
1/14/2020 13:00,27.645
1/14/2020 14:00,27.53
1/14/2020 15:00,27.585
1/14/2020 16:00,27.59505263
1/14/2020 17:00,27.60510526
1/14/2020 18:00,27.61515789
1/14/2020 19:00,27.62521053
1/14/2020 20:00,27.63526316
1/14/2020 21:00,27.64531579
1/14/2020 22:00,27.65536842
1/14/2020 23:00,27.66542105
1/15/2020 0:00,27.67547368
1/15/2020 1:00,27.68552632
1/15/2020 2:00,27.69557895
1/15/2020 3:00,27.70563158
1/15/2020 4:00,27.71568421
1/15/2020 5:00,27.72573684
1/15/2020 6:00,27.73578947
1/15/2020 7:00,27.74584211
1/15/2020 8:00,27.75589474
1/15/2020 9:00,27.76594737
1/15/2020 10:00,27.776
1/15/2020 11:00,27.974
1/15/2020 12:00,27.8615
1/15/2020 13:00,27.749
1/15/2020 14:00,27.565
1/15/2020 15:00,27.665
1/15/2020 16:00,27.67763158
1/15/2020 17:00,27.69026316
1/15/2020 18:00,27.70289474
1/15/2020 19:00,27.71552632
1/15/2020 20:00,27.72815789
1/15/2020 21:00,27.74078947
1/15/2020 22:00,27.75342105
1/15/2020 23:00,27.76605263
1/16/2020 0:00,27.77868421
1/16/2020 1:00,27.79131579
1/16/2020 2:00,27.80394737
1/16/2020 3:00,27.81657895
1/16/2020 4:00,27.82921053
1/16/2020 5:00,27.84184211
1/16/2020 6:00,27.85447368
1/16/2020 7:00,27.86710526
1/16/2020 8:00,27.87973684
1/16/2020 9:00,27.89236842
1/16/2020 10:00,27.905
1/16/2020 11:00,28.03
1/16/2020 12:00,27.952
1/16/2020 13:00,27.935
1/16/2020 14:00,28.115
1/16/2020 15:00,28.154
1/16/2020 16:00,28.15926316
1/16/2020 17:00,28.16452632
1/16/2020 18:00,28.16978947
1/16/2020 19:00,28.17505263
1/16/2020 20:00,28.18031579
1/16/2020 21:00,28.18557895
1/16/2020 22:00,28.19084211
1/16/2020 23:00,28.19610526
1/17/2020 0:00,28.20136842
1/17/2020 1:00,28.20663158
1/17/2020 2:00,28.21189474
1/17/2020 3:00,28.21715789
1/17/2020 4:00,28.22242105
1/17/2020 5:00,28.22768421
1/17/2020 6:00,28.23294737
1/17/2020 7:00,28.23821053
1/17/2020 8:00,28.24347368
1/17/2020 9:00,28.24873684
1/17/2020 10:00,28.254
1/17/2020 11:00,28.482
1/17/2020 12:00,28.3
1/17/2020 13:00,28.275
1/17/2020 14:00,28.26960215
1/17/2020 15:00,28.2642043
1/17/2020 16:00,28.25880645
1/17/2020 17:00,28.2534086
1/17/2020 18:00,28.24801075
1/17/2020 19:00,28.2426129
1/17/2020 20:00,28.23721505
1/17/2020 21:00,28.2318172
1/17/2020 22:00,28.22641935
1/17/2020 23:00,28.22102151
1/18/2020 0:00,28.21562366
1/18/2020 1:00,28.21022581
1/18/2020 2:00,28.20482796
1/18/2020 3:00,28.19943011
1/18/2020 4:00,28.19403226
1/18/2020 5:00,28.18863441
1/18/2020 6:00,28.18323656
1/18/2020 7:00,28.17783871
1/18/2020 8:00,28.17244086
1/18/2020 9:00,28.16704301
1/18/2020 10:00,28.16164516
1/18/2020 11:00,28.15624731
1/18/2020 12:00,28.15084946
1/18/2020 13:00,28.14545161
1/18/2020 14:00,28.14005376
1/18/2020 15:00,28.13465591
1/18/2020 16:00,28.12925806
1/18/2020 17:00,28.12386022
1/18/2020 18:00,28.11846237
1/18/2020 19:00,28.11306452
1/18/2020 20:00,28.10766667
1/18/2020 21:00,28.10226882
1/18/2020 22:00,28.09687097
1/18/2020 23:00,28.09147312
1/19/2020 0:00,28.08607527
1/19/2020 1:00,28.08067742
1/19/2020 2:00,28.07527957
1/19/2020 3:00,28.06988172
1/19/2020 4:00,28.06448387
1/19/2020 5:00,28.05908602
1/19/2020 6:00,28.05368817
1/19/2020 7:00,28.04829032
1/19/2020 8:00,28.04289247
1/19/2020 9:00,28.03749462
1/19/2020 10:00,28.03209677
1/19/2020 11:00,28.02669892
1/19/2020 12:00,28.02130108
1/19/2020 13:00,28.01590323
1/19/2020 14:00,28.01050538
1/19/2020 15:00,28.00510753
1/19/2020 16:00,27.99970968
1/19/2020 17:00,27.99431183
1/19/2020 18:00,27.98891398
1/19/2020 19:00,27.98351613
1/19/2020 20:00,27.97811828
1/19/2020 21:00,27.97272043
1/19/2020 22:00,27.96732258
1/19/2020 23:00,27.96192473
1/20/2020 0:00,27.95652688
1/20/2020 1:00,27.95112903
1/20/2020 2:00,27.94573118
1/20/2020 3:00,27.94033333
1/20/2020 4:00,27.93493548
1/20/2020 5:00,27.92953763
1/20/2020 6:00,27.92413978
1/20/2020 7:00,27.91874194
1/20/2020 8:00,27.91334409
1/20/2020 9:00,27.90794624
1/20/2020 10:00,27.90254839
1/20/2020 11:00,27.89715054
1/20/2020 12:00,27.89175269
1/20/2020 13:00,27.88635484
1/20/2020 14:00,27.88095699
1/20/2020 15:00,27.87555914
1/20/2020 16:00,27.87016129
1/20/2020 17:00,27.86476344
1/20/2020 18:00,27.85936559
1/20/2020 19:00,27.85396774
1/20/2020 20:00,27.84856989
1/20/2020 21:00,27.84317204
1/20/2020 22:00,27.83777419
1/20/2020 23:00,27.83237634
1/21/2020 0:00,27.82697849
1/21/2020 1:00,27.82158065
1/21/2020 2:00,27.8161828
1/21/2020 3:00,27.81078495
1/21/2020 4:00,27.8053871
1/21/2020 5:00,27.79998925
1/21/2020 6:00,27.7945914
1/21/2020 7:00,27.78919355
1/21/2020 8:00,27.7837957
1/21/2020 9:00,27.77839785
1/21/2020 10:00,27.773
1/21/2020 11:00,27.684
1/21/2020 12:00,27.828
1/21/2020 13:00,27.779
1/21/2020 14:00,27.087
1/21/2020 15:00,27.375
1/21/2020 16:00,27.39036842
1/21/2020 17:00,27.40573684
1/21/2020 18:00,27.42110526
1/21/2020 19:00,27.43647368
1/21/2020 20:00,27.45184211
1/21/2020 21:00,27.46721053
1/21/2020 22:00,27.48257895
1/21/2020 23:00,27.49794737
1/22/2020 0:00,27.51331579
1/22/2020 1:00,27.52868421
1/22/2020 2:00,27.54405263
1/22/2020 3:00,27.55942105
1/22/2020 4:00,27.57478947
1/22/2020 5:00,27.59015789
1/22/2020 6:00,27.60552632
1/22/2020 7:00,27.62089474
1/22/2020 8:00,27.63626316
1/22/2020 9:00,27.65163158
1/22/2020 10:00,27.667
1/22/2020 11:00,27.703
1/22/2020 12:00,27.793
1/22/2020 13:00,27.677
1/22/2020 14:00,27.561
1/22/2020 15:00,27.541
1/22/2020 16:00,27.50615789
1/22/2020 17:00,27.47131579
1/22/2020 18:00,27.43647368
1/22/2020 19:00,27.40163158
1/22/2020 20:00,27.36678947
1/22/2020 21:00,27.33194737
1/22/2020 22:00,27.29710526
1/22/2020 23:00,27.26226316
1/23/2020 0:00,27.22742105
1/23/2020 1:00,27.19257895
1/23/2020 2:00,27.15773684
1/23/2020 3:00,27.12289474
1/23/2020 4:00,27.08805263
1/23/2020 5:00,27.05321053
1/23/2020 6:00,27.01836842
1/23/2020 7:00,26.98352632
1/23/2020 8:00,26.94868421
1/23/2020 9:00,26.91384211
1/23/2020 10:00,26.879
1/23/2020 11:00,27.021
1/23/2020 12:00,27.305
1/23/2020 13:00,27.647
1/23/2020 14:00,27.776
1/23/2020 15:00,27.944
1/23/2020 16:00,27.97273684
1/23/2020 17:00,28.00147368
1/23/2020 18:00,28.03021053
1/23/2020 19:00,28.05894737
1/23/2020 20:00,28.08768421
1/23/2020 21:00,28.11642105
1/23/2020 22:00,28.14515789
1/23/2020 23:00,28.17389474
1/24/2020 0:00,28.20263158
1/24/2020 1:00,28.23136842
1/24/2020 2:00,28.26010526
1/24/2020 3:00,28.28884211
1/24/2020 4:00,28.31757895
1/24/2020 5:00,28.34631579
1/24/2020 6:00,28.37505263
1/24/2020 7:00,28.40378947
1/24/2020 8:00,28.43252632
1/24/2020 9:00,28.46126316
1/24/2020 10:00,28.49
1/24/2020 11:00,27.954
1/24/2020 12:00,27.618
1/24/2020 13:00,27.531
1/24/2020 14:00,27.306
1/24/2020 15:00,27.462
1/24/2020 16:00,27.43564179
1/24/2020 17:00,27.40928358
1/24/2020 18:00,27.38292537
1/24/2020 19:00,27.35656716
1/24/2020 20:00,27.33020896
1/24/2020 21:00,27.30385075
1/24/2020 22:00,27.27749254
1/24/2020 23:00,27.25113433
1/25/2020 0:00,27.22477612
1/25/2020 1:00,27.19841791
1/25/2020 2:00,27.1720597
1/25/2020 3:00,27.14570149
1/25/2020 4:00,27.11934328
1/25/2020 5:00,27.09298507
1/25/2020 6:00,27.06662687
1/25/2020 7:00,27.04026866
1/25/2020 8:00,27.01391045
1/25/2020 9:00,26.98755224
1/25/2020 10:00,26.96119403
1/25/2020 11:00,26.93483582
1/25/2020 12:00,26.90847761
1/25/2020 13:00,26.8821194
1/25/2020 14:00,26.85576119
1/25/2020 15:00,26.82940299
1/25/2020 16:00,26.80304478
1/25/2020 17:00,26.77668657
1/25/2020 18:00,26.75032836
1/25/2020 19:00,26.72397015
1/25/2020 20:00,26.69761194
1/25/2020 21:00,26.67125373
1/25/2020 22:00,26.64489552
1/25/2020 23:00,26.61853731
1/26/2020 0:00,26.5921791
1/26/2020 1:00,26.5658209
1/26/2020 2:00,26.53946269
1/26/2020 3:00,26.51310448
1/26/2020 4:00,26.48674627
1/26/2020 5:00,26.46038806
1/26/2020 6:00,26.43402985
1/26/2020 7:00,26.40767164
1/26/2020 8:00,26.38131343
1/26/2020 9:00,26.35495522
1/26/2020 10:00,26.32859701
1/26/2020 11:00,26.30223881
1/26/2020 12:00,26.2758806
1/26/2020 13:00,26.24952239
1/26/2020 14:00,26.22316418
1/26/2020 15:00,26.19680597
1/26/2020 16:00,26.17044776
1/26/2020 17:00,26.14408955
1/26/2020 18:00,26.11773134
1/26/2020 19:00,26.09137313
1/26/2020 20:00,26.06501493
1/26/2020 21:00,26.03865672
1/26/2020 22:00,26.01229851
1/26/2020 23:00,25.9859403
1/27/2020 0:00,25.95958209
1/27/2020 1:00,25.93322388
1/27/2020 2:00,25.90686567
1/27/2020 3:00,25.88050746
1/27/2020 4:00,25.85414925
1/27/2020 5:00,25.82779104
1/27/2020 6:00,25.80143284
1/27/2020 7:00,25.77507463
1/27/2020 8:00,25.74871642
1/27/2020 9:00,25.72235821
1/27/2020 10:00,25.696
1/27/2020 11:00,25.875
1/27/2020 12:00,26.178
1/27/2020 13:00,26.011
1/27/2020 14:00,26.105
1/27/2020 15:00,25.975
1/27/2020 16:00,25.99868421
1/27/2020 17:00,26.02236842
1/27/2020 18:00,26.04605263
1/27/2020 19:00,26.06973684
1/27/2020 20:00,26.09342105
1/27/2020 21:00,26.11710526
1/27/2020 22:00,26.14078947
1/27/2020 23:00,26.16447368
1/28/2020 0:00,26.18815789
1/28/2020 1:00,26.21184211
1/28/2020 2:00,26.23552632
1/28/2020 3:00,26.25921053
1/28/2020 4:00,26.28289474
1/28/2020 5:00,26.30657895
1/28/2020 6:00,26.33026316
1/28/2020 7:00,26.35394737
1/28/2020 8:00,26.37763158
1/28/2020 9:00,26.40131579
1/28/2020 10:00,26.425
1/28/2020 11:00,26.485
1/28/2020 12:00,26.59
1/28/2020 13:00,26.75
1/28/2020 14:00,26.8775
1/28/2020 15:00,27.005
1/28/2020 16:00,27.00636842
1/28/2020 17:00,27.00773684
1/28/2020 18:00,27.00910526
1/28/2020 19:00,27.01047368
1/28/2020 20:00,27.01184211
1/28/2020 21:00,27.01321053
1/28/2020 22:00,27.01457895
1/28/2020 23:00,27.01594737
1/29/2020 0:00,27.01731579
1/29/2020 1:00,27.01868421
1/29/2020 2:00,27.02005263
1/29/2020 3:00,27.02142105
1/29/2020 4:00,27.02278947
1/29/2020 5:00,27.02415789
1/29/2020 6:00,27.02552632
1/29/2020 7:00,27.02689474
1/29/2020 8:00,27.02826316
1/29/2020 9:00,27.02963158
1/29/2020 10:00,27.031
1/29/2020 11:00,27.475
1/29/2020 12:00,26.965
1/29/2020 13:00,26.9225
1/29/2020 14:00,26.88
1/29/2020 15:00,26.835
1/29/2020 16:00,26.83436842
1/29/2020 17:00,26.83373684
1/29/2020 18:00,26.83310526
1/29/2020 19:00,26.83247368
1/29/2020 20:00,26.83184211
1/29/2020 21:00,26.83121053
1/29/2020 22:00,26.83057895
1/29/2020 23:00,26.82994737
1/30/2020 0:00,26.82931579
1/30/2020 1:00,26.82868421
1/30/2020 2:00,26.82805263
1/30/2020 3:00,26.82742105
1/30/2020 4:00,26.82678947
1/30/2020 5:00,26.82615789
1/30/2020 6:00,26.82552632
1/30/2020 7:00,26.82489474
1/30/2020 8:00,26.82426316
1/30/2020 9:00,26.82363158
1/30/2020 10:00,26.823
1/30/2020 11:00,26.732
1/30/2020 12:00,27.013
1/30/2020 13:00,26.795
1/30/2020 14:00,27.036
1/30/2020 15:00,27.414
1/30/2020 16:00,27.40052632
1/30/2020 17:00,27.38705263
1/30/2020 18:00,27.37357895
1/30/2020 19:00,27.36010526
1/30/2020 20:00,27.34663158
1/30/2020 21:00,27.33315789
1/30/2020 22:00,27.31968421
1/30/2020 23:00,27.30621053
1/31/2020 0:00,27.29273684
1/31/2020 1:00,27.27926316
1/31/2020 2:00,27.26578947
1/31/2020 3:00,27.25231579
1/31/2020 4:00,27.23884211
1/31/2020 5:00,27.22536842
1/31/2020 6:00,27.21189474
1/31/2020 7:00,27.19842105
1/31/2020 8:00,27.18494737
1/31/2020 9:00,27.17147368
1/31/2020 10:00,27.158
1/31/2020 11:00,26.898
1/31/2020 12:00,26.903
1/31/2020 13:00,26.755
1/31/2020 14:00,26.966
1/31/2020 15:00,26.755
1/31/2020 16:00,26.76858209
1/31/2020 17:00,26.78216418
1/31/2020 18:00,26.79574627
1/31/2020 19:00,26.80932836
1/31/2020 20:00,26.82291045
1/31/2020 21:00,26.83649254
1/31/2020 22:00,26.85007463
1/31/2020 23:00,26.86365672
2/1/2020 0:00,26.87723881
2/1/2020 1:00,26.8908209
2/1/2020 2:00,26.90440299
2/1/2020 3:00,26.91798507
2/1/2020 4:00,26.93156716
2/1/2020 5:00,26.94514925
2/1/2020 6:00,26.95873134
2/1/2020 7:00,26.97231343
2/1/2020 8:00,26.98589552
2/1/2020 9:00,26.99947761
2/1/2020 10:00,27.0130597
2/1/2020 11:00,27.02664179
2/1/2020 12:00,27.04022388
2/1/2020 13:00,27.05380597
2/1/2020 14:00,27.06738806
2/1/2020 15:00,27.08097015
2/1/2020 16:00,27.09455224
2/1/2020 17:00,27.10813433
2/1/2020 18:00,27.12171642
2/1/2020 19:00,27.13529851
2/1/2020 20:00,27.1488806
2/1/2020 21:00,27.16246269
2/1/2020 22:00,27.17604478
2/1/2020 23:00,27.18962687
2/2/2020 0:00,27.20320896
2/2/2020 1:00,27.21679104
2/2/2020 2:00,27.23037313
2/2/2020 3:00,27.24395522
2/2/2020 4:00,27.25753731
2/2/2020 5:00,27.2711194
2/2/2020 6:00,27.28470149
2/2/2020 7:00,27.29828358
2/2/2020 8:00,27.31186567
2/2/2020 9:00,27.32544776
2/2/2020 10:00,27.33902985
2/2/2020 11:00,27.35261194
2/2/2020 12:00,27.36619403
2/2/2020 13:00,27.37977612
2/2/2020 14:00,27.39335821
2/2/2020 15:00,27.4069403
2/2/2020 16:00,27.42052239
2/2/2020 17:00,27.43410448
2/2/2020 18:00,27.44768657
2/2/2020 19:00,27.46126866
2/2/2020 20:00,27.47485075
2/2/2020 21:00,27.48843284
2/2/2020 22:00,27.50201493
2/2/2020 23:00,27.51559701
2/3/2020 0:00,27.5291791
2/3/2020 1:00,27.54276119
2/3/2020 2:00,27.55634328
2/3/2020 3:00,27.56992537
2/3/2020 4:00,27.58350746
2/3/2020 5:00,27.59708955
2/3/2020 6:00,27.61067164
2/3/2020 7:00,27.62425373
2/3/2020 8:00,27.63783582
2/3/2020 9:00,27.65141791
2/3/2020 10:00,27.665
2/3/2020 11:00,27.145
2/3/2020 12:00,27.084
2/3/2020 13:00,27.225
2/3/2020 14:00,27.2125
2/3/2020 15:00,27.2
2/3/2020 16:00,27.25652632
2/3/2020 17:00,27.31305263
2/3/2020 18:00,27.36957895
2/3/2020 19:00,27.42610526
2/3/2020 20:00,27.48263158
2/3/2020 21:00,27.53915789
2/3/2020 22:00,27.59568421
2/3/2020 23:00,27.65221053
2/4/2020 0:00,27.70873684
2/4/2020 1:00,27.76526316
2/4/2020 2:00,27.82178947
2/4/2020 3:00,27.87831579
2/4/2020 4:00,27.93484211
2/4/2020 5:00,27.99136842
2/4/2020 6:00,28.04789474
2/4/2020 7:00,28.10442105
2/4/2020 8:00,28.16094737
2/4/2020 9:00,28.21747368
2/4/2020 10:00,28.274
2/4/2020 11:00,28.333
2/4/2020 12:00,28.482
2/4/2020 13:00,28.49090909
2/4/2020 14:00,28.49981818
2/4/2020 15:00,28.50872727
2/4/2020 16:00,28.51763636
2/4/2020 17:00,28.52654545
2/4/2020 18:00,28.53545455
2/4/2020 19:00,28.54436364
2/4/2020 20:00,28.55327273
2/4/2020 21:00,28.56218182
2/4/2020 22:00,28.57109091
2/4/2020 23:00,28.58
2/5/2020 0:00,28.58890909
2/5/2020 1:00,28.59781818
2/5/2020 2:00,28.60672727
2/5/2020 3:00,28.61563636
2/5/2020 4:00,28.62454545
2/5/2020 5:00,28.63345455
2/5/2020 6:00,28.64236364
2/5/2020 7:00,28.65127273
2/5/2020 8:00,28.66018182
2/5/2020 9:00,28.66909091
2/5/2020 10:00,28.678
2/5/2020 11:00,28.843
2/5/2020 12:00,29.158
2/5/2020 13:00,29.21
2/5/2020 14:00,29.091
2/5/2020 15:00,29.115
2/5/2020 16:00,29.11105263
2/5/2020 17:00,29.10710526
2/5/2020 18:00,29.10315789
2/5/2020 19:00,29.09921053
2/5/2020 20:00,29.09526316
2/5/2020 21:00,29.09131579
2/5/2020 22:00,29.08736842
2/5/2020 23:00,29.08342105
2/6/2020 0:00,29.07947368
2/6/2020 1:00,29.07552632
2/6/2020 2:00,29.07157895
2/6/2020 3:00,29.06763158
2/6/2020 4:00,29.06368421
2/6/2020 5:00,29.05973684
2/6/2020 6:00,29.05578947
2/6/2020 7:00,29.05184211
2/6/2020 8:00,29.04789474
2/6/2020 9:00,29.04394737
2/6/2020 10:00,29.04
2/6/2020 11:00,28.765
2/6/2020 12:00,28.64
2/6/2020 13:00,28.438
2/6/2020 14:00,28.347
2/6/2020 15:00,28.306
2/6/2020 16:00,28.28242105
2/6/2020 17:00,28.25884211
2/6/2020 18:00,28.23526316
2/6/2020 19:00,28.21168421
2/6/2020 20:00,28.18810526
2/6/2020 21:00,28.16452632
2/6/2020 22:00,28.14094737
2/6/2020 23:00,28.11736842
2/7/2020 0:00,28.09378947
2/7/2020 1:00,28.07021053
2/7/2020 2:00,28.04663158
2/7/2020 3:00,28.02305263
2/7/2020 4:00,27.99947368
2/7/2020 5:00,27.97589474
2/7/2020 6:00,27.95231579
2/7/2020 7:00,27.92873684
2/7/2020 8:00,27.90515789
2/7/2020 9:00,27.88157895
2/7/2020 10:00,27.858
2/7/2020 11:00,27.836
2/7/2020 12:00,28.047
2/7/2020 13:00,28.162
2/7/2020 14:00,28.202
2/7/2020 15:00,28.345
2/7/2020 16:00,28.34444776
2/7/2020 17:00,28.34389552
2/7/2020 18:00,28.34334328
2/7/2020 19:00,28.34279104
2/7/2020 20:00,28.34223881
2/7/2020 21:00,28.34168657
2/7/2020 22:00,28.34113433
2/7/2020 23:00,28.34058209
2/8/2020 0:00,28.34002985
2/8/2020 1:00,28.33947761
2/8/2020 2:00,28.33892537
2/8/2020 3:00,28.33837313
2/8/2020 4:00,28.3378209
2/8/2020 5:00,28.33726866
2/8/2020 6:00,28.33671642
2/8/2020 7:00,28.33616418
2/8/2020 8:00,28.33561194
2/8/2020 9:00,28.3350597
2/8/2020 10:00,28.33450746
2/8/2020 11:00,28.33395522
2/8/2020 12:00,28.33340299
2/8/2020 13:00,28.33285075
2/8/2020 14:00,28.33229851
2/8/2020 15:00,28.33174627
2/8/2020 16:00,28.33119403
2/8/2020 17:00,28.33064179
2/8/2020 18:00,28.33008955
2/8/2020 19:00,28.32953731
2/8/2020 20:00,28.32898507
2/8/2020 21:00,28.32843284
2/8/2020 22:00,28.3278806
2/8/2020 23:00,28.32732836
2/9/2020 0:00,28.32677612
2/9/2020 1:00,28.32622388
2/9/2020 2:00,28.32567164
2/9/2020 3:00,28.3251194
2/9/2020 4:00,28.32456716
2/9/2020 5:00,28.32401493
2/9/2020 6:00,28.32346269
2/9/2020 7:00,28.32291045
2/9/2020 8:00,28.32235821
2/9/2020 9:00,28.32180597
2/9/2020 10:00,28.32125373
2/9/2020 11:00,28.32070149
2/9/2020 12:00,28.32014925
2/9/2020 13:00,28.31959701
2/9/2020 14:00,28.31904478
2/9/2020 15:00,28.31849254
2/9/2020 16:00,28.3179403
2/9/2020 17:00,28.31738806
2/9/2020 18:00,28.31683582
2/9/2020 19:00,28.31628358
2/9/2020 20:00,28.31573134
2/9/2020 21:00,28.3151791
2/9/2020 22:00,28.31462687
2/9/2020 23:00,28.31407463
2/10/2020 0:00,28.31352239
2/10/2020 1:00,28.31297015
2/10/2020 2:00,28.31241791
2/10/2020 3:00,28.31186567
2/10/2020 4:00,28.31131343
2/10/2020 5:00,28.31076119
2/10/2020 6:00,28.31020896
2/10/2020 7:00,28.30965672
2/10/2020 8:00,28.30910448
2/10/2020 9:00,28.30855224
2/10/2020 10:00,28.308
2/10/2020 11:00,28.35
2/10/2020 12:00,28.288
2/10/2020 13:00,28.453
2/10/2020 14:00,28.618
2/10/2020 15:00,28.685
2/10/2020 16:00,28.72710526
2/10/2020 17:00,28.76921053
2/10/2020 18:00,28.81131579
2/10/2020 19:00,28.85342105
2/10/2020 20:00,28.89552632
2/10/2020 21:00,28.93763158
2/10/2020 22:00,28.97973684
2/10/2020 23:00,29.02184211
2/11/2020 0:00,29.06394737
2/11/2020 1:00,29.10605263
2/11/2020 2:00,29.14815789
2/11/2020 3:00,29.19026316
2/11/2020 4:00,29.23236842
2/11/2020 5:00,29.27447368
2/11/2020 6:00,29.31657895
2/11/2020 7:00,29.35868421
2/11/2020 8:00,29.40078947
2/11/2020 9:00,29.44289474
2/11/2020 10:00,29.485
2/11/2020 11:00,29.685
2/11/2020 12:00,29.584
2/11/2020 13:00,29.808
2/11/2020 14:00,29.807
2/11/2020 15:00,29.806
2/11/2020 16:00,29.82742105
2/11/2020 17:00,29.84884211
2/11/2020 18:00,29.87026316
2/11/2020 19:00,29.89168421
2/11/2020 20:00,29.91310526
2/11/2020 21:00,29.93452632
2/11/2020 22:00,29.95594737
2/11/2020 23:00,29.97736842
2/12/2020 0:00,29.99878947
2/12/2020 1:00,30.02021053
2/12/2020 2:00,30.04163158
2/12/2020 3:00,30.06305263
2/12/2020 4:00,30.08447368
2/12/2020 5:00,30.10589474
2/12/2020 6:00,30.12731579
2/12/2020 7:00,30.14873684
2/12/2020 8:00,30.17015789
2/12/2020 9:00,30.19157895
2/12/2020 10:00,30.213
2/12/2020 11:00,30.564
2/12/2020 12:00,30.425
2/12/2020 13:00,30.392
2/12/2020 14:00,30.675
2/12/2020 15:00,30.58
2/12/2020 16:00,30.55026316
2/12/2020 17:00,30.52052632
2/12/2020 18:00,30.49078947
2/12/2020 19:00,30.46105263
2/12/2020 20:00,30.43131579
2/12/2020 21:00,30.40157895
2/12/2020 22:00,30.37184211
2/12/2020 23:00,30.34210526
2/13/2020 0:00,30.31236842
2/13/2020 1:00,30.28263158
2/13/2020 2:00,30.25289474
2/13/2020 3:00,30.22315789
2/13/2020 4:00,30.19342105
2/13/2020 5:00,30.16368421
2/13/2020 6:00,30.13394737
2/13/2020 7:00,30.10421053
2/13/2020 8:00,30.07447368
2/13/2020 9:00,30.04473684
2/13/2020 10:00,30.015
2/13/2020 11:00,29.815
2/13/2020 12:00,30.171
2/13/2020 13:00,30.11
2/13/2020 14:00,30.102
2/13/2020 15:00,30.094
2/13/2020 16:00,30.09747368
2/13/2020 17:00,30.10094737
2/13/2020 18:00,30.10442105
2/13/2020 19:00,30.10789474
2/13/2020 20:00,30.11136842
2/13/2020 21:00,30.11484211
2/13/2020 22:00,30.11831579
2/13/2020 23:00,30.12178947
2/14/2020 0:00,30.12526316
2/14/2020 1:00,30.12873684
2/14/2020 2:00,30.13221053
2/14/2020 3:00,30.13568421
2/14/2020 4:00,30.13915789
2/14/2020 5:00,30.14263158
2/14/2020 6:00,30.14610526
2/14/2020 7:00,30.14957895
2/14/2020 8:00,30.15305263
2/14/2020 9:00,30.15652632
2/14/2020 10:00,30.16
2/14/2020 11:00,29.95
2/14/2020 12:00,29.74
2/14/2020 13:00,29.412
2/14/2020 14:00,29.233
2/14/2020 15:00,29.2303587
2/14/2020 16:00,29.22771739
2/14/2020 17:00,29.22507609
2/14/2020 18:00,29.22243478
2/14/2020 19:00,29.21979348
2/14/2020 20:00,29.21715217
2/14/2020 21:00,29.21451087
2/14/2020 22:00,29.21186957
2/14/2020 23:00,29.20922826
2/15/2020 0:00,29.20658696
2/15/2020 1:00,29.20394565
2/15/2020 2:00,29.20130435
2/15/2020 3:00,29.19866304
2/15/2020 4:00,29.19602174
2/15/2020 5:00,29.19338043
2/15/2020 6:00,29.19073913
2/15/2020 7:00,29.18809783
2/15/2020 8:00,29.18545652
2/15/2020 9:00,29.18281522
2/15/2020 10:00,29.18017391
2/15/2020 11:00,29.17753261
2/15/2020 12:00,29.1748913
2/15/2020 13:00,29.17225
2/15/2020 14:00,29.1696087
2/15/2020 15:00,29.16696739
2/15/2020 16:00,29.16432609
2/15/2020 17:00,29.16168478
2/15/2020 18:00,29.15904348
2/15/2020 19:00,29.15640217
2/15/2020 20:00,29.15376087
2/15/2020 21:00,29.15111957
2/15/2020 22:00,29.14847826
2/15/2020 23:00,29.14583696
2/16/2020 0:00,29.14319565
2/16/2020 1:00,29.14055435
2/16/2020 2:00,29.13791304
2/16/2020 3:00,29.13527174
2/16/2020 4:00,29.13263043
2/16/2020 5:00,29.12998913
2/16/2020 6:00,29.12734783
2/16/2020 7:00,29.12470652
2/16/2020 8:00,29.12206522
2/16/2020 9:00,29.11942391
2/16/2020 10:00,29.11678261
2/16/2020 11:00,29.1141413
2/16/2020 12:00,29.1115
2/16/2020 13:00,29.1088587
2/16/2020 14:00,29.10621739
2/16/2020 15:00,29.10357609
2/16/2020 16:00,29.10093478
2/16/2020 17:00,29.09829348
2/16/2020 18:00,29.09565217
2/16/2020 19:00,29.09301087
2/16/2020 20:00,29.09036957
2/16/2020 21:00,29.08772826
2/16/2020 22:00,29.08508696
2/16/2020 23:00,29.08244565
2/17/2020 0:00,29.07980435
2/17/2020 1:00,29.07716304
2/17/2020 2:00,29.07452174
2/17/2020 3:00,29.07188043
2/17/2020 4:00,29.06923913
2/17/2020 5:00,29.06659783
2/17/2020 6:00,29.06395652
2/17/2020 7:00,29.06131522
2/17/2020 8:00,29.05867391
2/17/2020 9:00,29.05603261
2/17/2020 10:00,29.0533913
2/17/2020 11:00,29.05075
2/17/2020 12:00,29.0481087
2/17/2020 13:00,29.04546739
2/17/2020 14:00,29.04282609
2/17/2020 15:00,29.04018478
2/17/2020 16:00,29.03754348
2/17/2020 17:00,29.03490217
2/17/2020 18:00,29.03226087
2/17/2020 19:00,29.02961957
2/17/2020 20:00,29.02697826
2/17/2020 21:00,29.02433696
2/17/2020 22:00,29.02169565
2/17/2020 23:00,29.01905435
2/18/2020 0:00,29.01641304
2/18/2020 1:00,29.01377174
2/18/2020 2:00,29.01113043
2/18/2020 3:00,29.00848913
2/18/2020 4:00,29.00584783
2/18/2020 5:00,29.00320652
2/18/2020 6:00,29.00056522
2/18/2020 7:00,28.99792391
2/18/2020 8:00,28.99528261
2/18/2020 9:00,28.9926413
2/18/2020 10:00,28.99
2/18/2020 11:00,28.877
2/18/2020 12:00,28.566
2/18/2020 13:00,28.729
2/18/2020 14:00,28.601
2/18/2020 15:00,28.709
2/18/2020 16:00,28.713
2/18/2020 17:00,28.717
2/18/2020 18:00,28.721
2/18/2020 19:00,28.725
2/18/2020 20:00,28.729
2/18/2020 21:00,28.733
2/18/2020 22:00,28.737
2/18/2020 23:00,28.741
2/19/2020 0:00,28.745
2/19/2020 1:00,28.749
2/19/2020 2:00,28.753
2/19/2020 3:00,28.757
2/19/2020 4:00,28.761
2/19/2020 5:00,28.765
2/19/2020 6:00,28.769
2/19/2020 7:00,28.773
2/19/2020 8:00,28.777
2/19/2020 9:00,28.781
2/19/2020 10:00,28.785
2/19/2020 11:00,28.79
2/19/2020 12:00,28.505
2/19/2020 13:00,28.552
2/19/2020 14:00,28.48
2/19/2020 15:00,28.41
2/19/2020 16:00,28.42773684
2/19/2020 17:00,28.44547368
2/19/2020 18:00,28.46321053
2/19/2020 19:00,28.48094737
2/19/2020 20:00,28.49868421
2/19/2020 21:00,28.51642105
2/19/2020 22:00,28.53415789
2/19/2020 23:00,28.55189474
2/20/2020 0:00,28.56963158
2/20/2020 1:00,28.58736842
2/20/2020 2:00,28.60510526
2/20/2020 3:00,28.62284211
2/20/2020 4:00,28.64057895
2/20/2020 5:00,28.65831579
2/20/2020 6:00,28.67605263
2/20/2020 7:00,28.69378947
2/20/2020 8:00,28.71152632
2/20/2020 9:00,28.72926316
2/20/2020 10:00,28.747
2/20/2020 11:00,28.747
2/20/2020 12:00,28.655
2/20/2020 13:00,28.692
2/20/2020 14:00,28.692
2/20/2020 15:00,28.625
2/20/2020 16:00,28.57147368
2/20/2020 17:00,28.51794737
2/20/2020 18:00,28.46442105
2/20/2020 19:00,28.41089474
2/20/2020 20:00,28.35736842
2/20/2020 21:00,28.30384211
2/20/2020 22:00,28.25031579
2/20/2020 23:00,28.19678947
2/21/2020 0:00,28.14326316
2/21/2020 1:00,28.08973684
2/21/2020 2:00,28.03621053
2/21/2020 3:00,27.98268421
2/21/2020 4:00,27.92915789
2/21/2020 5:00,27.87563158
2/21/2020 6:00,27.82210526
2/21/2020 7:00,27.76857895
2/21/2020 8:00,27.71505263
2/21/2020 9:00,27.66152632
2/21/2020 10:00,27.608
2/21/2020 11:00,27.505
2/21/2020 12:00,27.453
2/21/2020 13:00,27.455
2/21/2020 14:00,27.598
2/21/2020 15:00,27.61
2/21/2020 16:00,27.57823881
2/21/2020 17:00,27.54647761
2/21/2020 18:00,27.51471642
2/21/2020 19:00,27.48295522
2/21/2020 20:00,27.45119403
2/21/2020 21:00,27.41943284
2/21/2020 22:00,27.38767164
2/21/2020 23:00,27.35591045
2/22/2020 0:00,27.32414925
2/22/2020 1:00,27.29238806
2/22/2020 2:00,27.26062687
2/22/2020 3:00,27.22886567
2/22/2020 4:00,27.19710448
2/22/2020 5:00,27.16534328
2/22/2020 6:00,27.13358209
2/22/2020 7:00,27.1018209
2/22/2020 8:00,27.0700597
2/22/2020 9:00,27.03829851
2/22/2020 10:00,27.00653731
2/22/2020 11:00,26.97477612
2/22/2020 12:00,26.94301493
2/22/2020 13:00,26.91125373
2/22/2020 14:00,26.87949254
2/22/2020 15:00,26.84773134
2/22/2020 16:00,26.81597015
2/22/2020 17:00,26.78420896
2/22/2020 18:00,26.75244776
2/22/2020 19:00,26.72068657
2/22/2020 20:00,26.68892537
2/22/2020 21:00,26.65716418
2/22/2020 22:00,26.62540299
2/22/2020 23:00,26.59364179
2/23/2020 0:00,26.5618806
2/23/2020 1:00,26.5301194
2/23/2020 2:00,26.49835821
2/23/2020 3:00,26.46659701
2/23/2020 4:00,26.43483582
2/23/2020 5:00,26.40307463
2/23/2020 6:00,26.37131343
2/23/2020 7:00,26.33955224
2/23/2020 8:00,26.30779104
2/23/2020 9:00,26.27602985
2/23/2020 10:00,26.24426866
2/23/2020 11:00,26.21250746
2/23/2020 12:00,26.18074627
2/23/2020 13:00,26.14898507
2/23/2020 14:00,26.11722388
2/23/2020 15:00,26.08546269
2/23/2020 16:00,26.05370149
2/23/2020 17:00,26.0219403
2/23/2020 18:00,25.9901791
2/23/2020 19:00,25.95841791
2/23/2020 20:00,25.92665672
2/23/2020 21:00,25.89489552
2/23/2020 22:00,25.86313433
2/23/2020 23:00,25.83137313
2/24/2020 0:00,25.79961194
2/24/2020 1:00,25.76785075
2/24/2020 2:00,25.73608955
2/24/2020 3:00,25.70432836
2/24/2020 4:00,25.67256716
2/24/2020 5:00,25.64080597
2/24/2020 6:00,25.60904478
2/24/2020 7:00,25.57728358
2/24/2020 8:00,25.54552239
2/24/2020 9:00,25.51376119
2/24/2020 10:00,25.482
2/24/2020 11:00,25.4
2/24/2020 12:00,25.052
2/24/2020 13:00,25.093
2/24/2020 14:00,25.103
2/24/2020 15:00,25.527
2/24/2020 16:00,25.50152632
2/24/2020 17:00,25.47605263
2/24/2020 18:00,25.45057895
2/24/2020 19:00,25.42510526
2/24/2020 20:00,25.39963158
2/24/2020 21:00,25.37415789
2/24/2020 22:00,25.34868421
2/24/2020 23:00,25.32321053
2/25/2020 0:00,25.29773684
2/25/2020 1:00,25.27226316
2/25/2020 2:00,25.24678947
2/25/2020 3:00,25.22131579
2/25/2020 4:00,25.19584211
2/25/2020 5:00,25.17036842
2/25/2020 6:00,25.14489474
2/25/2020 7:00,25.11942105
2/25/2020 8:00,25.09394737
2/25/2020 9:00,25.06847368
2/25/2020 10:00,25.043
2/25/2020 11:00,24.173
2/25/2020 12:00,24.192
2/25/2020 13:00,23.765
2/25/2020 14:00,23.338
2/25/2020 15:00,23.538
2/25/2020 16:00,23.51315789
2/25/2020 17:00,23.48831579
2/25/2020 18:00,23.46347368
2/25/2020 19:00,23.43863158
2/25/2020 20:00,23.41378947
2/25/2020 21:00,23.38894737
2/25/2020 22:00,23.36410526
2/25/2020 23:00,23.33926316
2/26/2020 0:00,23.31442105
2/26/2020 1:00,23.28957895
2/26/2020 2:00,23.26473684
2/26/2020 3:00,23.23989474
2/26/2020 4:00,23.21505263
2/26/2020 5:00,23.19021053
2/26/2020 6:00,23.16536842
2/26/2020 7:00,23.14052632
2/26/2020 8:00,23.11568421
2/26/2020 9:00,23.09084211
2/26/2020 10:00,23.066
2/26/2020 11:00,23.148
2/26/2020 12:00,22.939
2/26/2020 13:00,22.683
2/26/2020 14:00,22.297
2/26/2020 15:00,22.301
2/26/2020 16:00,22.20147368
2/26/2020 17:00,22.10194737
2/26/2020 18:00,22.00242105
2/26/2020 19:00,21.90289474
2/26/2020 20:00,21.80336842
2/26/2020 21:00,21.70384211
2/26/2020 22:00,21.60431579
2/26/2020 23:00,21.50478947
2/27/2020 0:00,21.40526316
2/27/2020 1:00,21.30573684
2/27/2020 2:00,21.20621053
2/27/2020 3:00,21.10668421
2/27/2020 4:00,21.00715789
2/27/2020 5:00,20.90763158
2/27/2020 6:00,20.80810526
2/27/2020 7:00,20.70857895
2/27/2020 8:00,20.60905263
2/27/2020 9:00,20.50952632
2/27/2020 10:00,20.41
2/27/2020 11:00,20.847
2/27/2020 12:00,21.706
2/27/2020 13:00,22.089
2/27/2020 14:00,21.794
2/27/2020 15:00,21.379
2/27/2020 16:00,21.29784211
2/27/2020 17:00,21.21668421
2/27/2020 18:00,21.13552632
2/27/2020 19:00,21.05436842
2/27/2020 20:00,20.97321053
2/27/2020 21:00,20.89205263
2/27/2020 22:00,20.81089474
2/27/2020 23:00,20.72973684
2/28/2020 0:00,20.64857895
2/28/2020 1:00,20.56742105
2/28/2020 2:00,20.48626316
2/28/2020 3:00,20.40510526
2/28/2020 4:00,20.32394737
2/28/2020 5:00,20.24278947
2/28/2020 6:00,20.16163158
2/28/2020 7:00,20.08047368
2/28/2020 8:00,19.99931579
2/28/2020 9:00,19.91815789
2/28/2020 10:00,19.837
2/28/2020 11:00,19.948
2/28/2020 12:00,19.821
2/28/2020 13:00,19.842
2/28/2020 14:00,19.37
2/28/2020 15:00,19.38
2/28/2020 16:00,19.35725373
2/28/2020 17:00,19.33450746
2/28/2020 18:00,19.31176119
2/28/2020 19:00,19.28901493
2/28/2020 20:00,19.26626866
2/28/2020 21:00,19.24352239
2/28/2020 22:00,19.22077612
2/28/2020 23:00,19.19802985
2/29/2020 0:00,19.17528358
2/29/2020 1:00,19.15253731
2/29/2020 2:00,19.12979104
2/29/2020 3:00,19.10704478
2/29/2020 4:00,19.08429851
2/29/2020 5:00,19.06155224
2/29/2020 6:00,19.03880597
2/29/2020 7:00,19.0160597
2/29/2020 8:00,18.99331343
2/29/2020 9:00,18.97056716
2/29/2020 10:00,18.9478209
2/29/2020 11:00,18.92507463
2/29/2020 12:00,18.90232836
2/29/2020 13:00,18.87958209
2/29/2020 14:00,18.85683582
2/29/2020 15:00,18.83408955
2/29/2020 16:00,18.81134328
2/29/2020 17:00,18.78859701
2/29/2020 18:00,18.76585075
2/29/2020 19:00,18.74310448
2/29/2020 20:00,18.72035821
2/29/2020 21:00,18.69761194
2/29/2020 22:00,18.67486567
2/29/2020 23:00,18.6521194
3/1/2020 0:00,18.62937313
3/1/2020 1:00,18.60662687
3/1/2020 2:00,18.5838806
3/1/2020 3:00,18.56113433
3/1/2020 4:00,18.53838806
3/1/2020 5:00,18.51564179
3/1/2020 6:00,18.49289552
3/1/2020 7:00,18.47014925
3/1/2020 8:00,18.44740299
3/1/2020 9:00,18.42465672
3/1/2020 10:00,18.40191045
3/1/2020 11:00,18.37916418
3/1/2020 12:00,18.35641791
3/1/2020 13:00,18.33367164
3/1/2020 14:00,18.31092537
3/1/2020 15:00,18.2881791
3/1/2020 16:00,18.26543284
3/1/2020 17:00,18.24268657
3/1/2020 18:00,18.2199403
3/1/2020 19:00,18.19719403
3/1/2020 20:00,18.17444776
3/1/2020 21:00,18.15170149
3/1/2020 22:00,18.12895522
3/1/2020 23:00,18.10620896
3/2/2020 0:00,18.08346269
3/2/2020 1:00,18.06071642
3/2/2020 2:00,18.03797015
3/2/2020 3:00,18.01522388
3/2/2020 4:00,17.99247761
3/2/2020 5:00,17.96973134
3/2/2020 6:00,17.94698507
3/2/2020 7:00,17.92423881
3/2/2020 8:00,17.90149254
3/2/2020 9:00,17.87874627
3/2/2020 10:00,17.856
3/2/2020 11:00,18.114
3/2/2020 12:00,18.705
3/2/2020 13:00,18.598
3/2/2020 14:00,18.245
3/2/2020 15:00,18.197
3/2/2020 16:00,18.24763158
3/2/2020 17:00,18.29826316
3/2/2020 18:00,18.34889474
3/2/2020 19:00,18.39952632
3/2/2020 20:00,18.45015789
3/2/2020 21:00,18.50078947
3/2/2020 22:00,18.55142105
3/2/2020 23:00,18.60205263
3/3/2020 0:00,18.65268421
3/3/2020 1:00,18.70331579
3/3/2020 2:00,18.75394737
3/3/2020 3:00,18.80457895
3/3/2020 4:00,18.85521053
3/3/2020 5:00,18.90584211
3/3/2020 6:00,18.95647368
3/3/2020 7:00,19.00710526
3/3/2020 8:00,19.05773684
3/3/2020 9:00,19.10836842
3/3/2020 10:00,19.159
3/3/2020 11:00,18.959
3/3/2020 12:00,18.745
3/3/2020 13:00,18.607
3/3/2020 14:00,18.063
3/3/2020 15:00,18.108
3/3/2020 16:00,18.07494737
3/3/2020 17:00,18.04189474
3/3/2020 18:00,18.00884211
3/3/2020 19:00,17.97578947
3/3/2020 20:00,17.94273684
3/3/2020 21:00,17.90968421
3/3/2020 22:00,17.87663158
3/3/2020 23:00,17.84357895
3/4/2020 0:00,17.81052632
3/4/2020 1:00,17.77747368
3/4/2020 2:00,17.74442105
3/4/2020 3:00,17.71136842
3/4/2020 4:00,17.67831579
3/4/2020 5:00,17.64526316
3/4/2020 6:00,17.61221053
3/4/2020 7:00,17.57915789
3/4/2020 8:00,17.54610526
3/4/2020 9:00,17.51305263
3/4/2020 10:00,17.48
3/4/2020 11:00,17.637
3/4/2020 12:00,17.352
3/4/2020 13:00,17.446
3/4/2020 14:00,18.003
3/4/2020 15:00,17.9
3/4/2020 16:00,17.85105263
3/4/2020 17:00,17.80210526
3/4/2020 18:00,17.75315789
3/4/2020 19:00,17.70421053
3/4/2020 20:00,17.65526316
3/4/2020 21:00,17.60631579
3/4/2020 22:00,17.55736842
3/4/2020 23:00,17.50842105
3/5/2020 0:00,17.45947368
3/5/2020 1:00,17.41052632
3/5/2020 2:00,17.36157895
3/5/2020 3:00,17.31263158
3/5/2020 4:00,17.26368421
3/5/2020 5:00,17.21473684
3/5/2020 6:00,17.16578947
3/5/2020 7:00,17.11684211
3/5/2020 8:00,17.06789474
3/5/2020 9:00,17.01894737
3/5/2020 10:00,16.97
3/5/2020 11:00,16.745
3/5/2020 12:00,16.827
3/5/2020 13:00,16.413
3/5/2020 14:00,16.615
3/5/2020 15:00,16.456
3/5/2020 16:00,16.44952632
3/5/2020 17:00,16.44305263
3/5/2020 18:00,16.43657895
3/5/2020 19:00,16.43010526
3/5/2020 20:00,16.42363158
3/5/2020 21:00,16.41715789
3/5/2020 22:00,16.41068421
3/5/2020 23:00,16.40421053
3/6/2020 0:00,16.39773684
3/6/2020 1:00,16.39126316
3/6/2020 2:00,16.38478947
3/6/2020 3:00,16.37831579
3/6/2020 4:00,16.37184211
3/6/2020 5:00,16.36536842
3/6/2020 6:00,16.35889474
3/6/2020 7:00,16.35242105
3/6/2020 8:00,16.34594737
3/6/2020 9:00,16.33947368
3/6/2020 10:00,16.333
3/6/2020 11:00,16.665
3/6/2020 12:00,16.42
3/6/2020 13:00,16.358
3/6/2020 14:00,16.168
3/6/2020 15:00,16.042
3/6/2020 16:00,16.03265672
3/6/2020 17:00,16.02331343
3/6/2020 18:00,16.01397015
3/6/2020 19:00,16.00462687
3/6/2020 20:00,15.99528358
3/6/2020 21:00,15.9859403
3/6/2020 22:00,15.97659701
3/6/2020 23:00,15.96725373
3/7/2020 0:00,15.95791045
3/7/2020 1:00,15.94856716
3/7/2020 2:00,15.93922388
3/7/2020 3:00,15.9298806
3/7/2020 4:00,15.92053731
3/7/2020 5:00,15.91119403
3/7/2020 6:00,15.90185075
3/7/2020 7:00,15.89250746
3/7/2020 8:00,15.88316418
3/7/2020 9:00,15.8738209
3/7/2020 10:00,15.86447761
3/7/2020 11:00,15.85513433
3/7/2020 12:00,15.84579104
3/7/2020 13:00,15.83644776
3/7/2020 14:00,15.82710448
3/7/2020 15:00,15.81776119
3/7/2020 16:00,15.80841791
3/7/2020 17:00,15.79907463
3/7/2020 18:00,15.78973134
3/7/2020 19:00,15.78038806
3/7/2020 20:00,15.77104478
3/7/2020 21:00,15.76170149
3/7/2020 22:00,15.75235821
3/7/2020 23:00,15.74301493
3/8/2020 0:00,15.73367164
3/8/2020 1:00,15.72432836
3/8/2020 2:00,15.71498507
3/8/2020 3:00,15.70564179
3/8/2020 4:00,15.69629851
3/8/2020 5:00,15.68695522
3/8/2020 6:00,15.67761194
3/8/2020 7:00,15.66826866
3/8/2020 8:00,15.65892537
3/8/2020 9:00,15.64958209
3/8/2020 10:00,15.64023881
3/8/2020 11:00,15.63089552
3/8/2020 12:00,15.62155224
3/8/2020 13:00,15.61220896
3/8/2020 14:00,15.60286567
3/8/2020 15:00,15.59352239
3/8/2020 16:00,15.5841791
3/8/2020 17:00,15.57483582
3/8/2020 18:00,15.56549254
3/8/2020 19:00,15.55614925
3/8/2020 20:00,15.54680597
3/8/2020 21:00,15.53746269
3/8/2020 22:00,15.5281194
3/8/2020 23:00,15.51877612
3/9/2020 0:00,15.50943284
3/9/2020 1:00,15.50008955
3/9/2020 2:00,15.49074627
3/9/2020 3:00,15.48140299
3/9/2020 4:00,15.4720597
3/9/2020 5:00,15.46271642
3/9/2020 6:00,15.45337313
3/9/2020 7:00,15.44402985
3/9/2020 8:00,15.43468657
3/9/2020 9:00,15.42534328
3/9/2020 10:00,15.416
3/9/2020 11:00,15.21
3/9/2020 12:00,15.374
3/9/2020 13:00,14.72
3/9/2020 14:00,14.566
3/9/2020 15:00,14.723
3/9/2020 16:00,14.77315789
3/9/2020 17:00,14.82331579
3/9/2020 18:00,14.87347368
3/9/2020 19:00,14.92363158
3/9/2020 20:00,14.97378947
3/9/2020 21:00,15.02394737
3/9/2020 22:00,15.07410526
3/9/2020 23:00,15.12426316
3/10/2020 0:00,15.17442105
3/10/2020 1:00,15.22457895
3/10/2020 2:00,15.27473684
3/10/2020 3:00,15.32489474
3/10/2020 4:00,15.37505263
3/10/2020 5:00,15.42521053
3/10/2020 6:00,15.47536842
3/10/2020 7:00,15.52552632
3/10/2020 8:00,15.57568421
3/10/2020 9:00,15.62584211
3/10/2020 10:00,15.676
3/10/2020 11:00,15.225
3/10/2020 12:00,15.171
3/10/2020 13:00,15.15
3/10/2020 14:00,15.953
3/10/2020 15:00,17.195
3/10/2020 16:00,17.13257895
3/10/2020 17:00,17.07015789
3/10/2020 18:00,17.00773684
3/10/2020 19:00,16.94531579
3/10/2020 20:00,16.88289474
3/10/2020 21:00,16.82047368
3/10/2020 22:00,16.75805263
3/10/2020 23:00,16.69563158
3/11/2020 0:00,16.63321053
3/11/2020 1:00,16.57078947
3/11/2020 2:00,16.50836842
3/11/2020 3:00,16.44594737
3/11/2020 4:00,16.38352632
3/11/2020 5:00,16.32110526
3/11/2020 6:00,16.25868421
3/11/2020 7:00,16.19626316
3/11/2020 8:00,16.13384211
3/11/2020 9:00,16.07142105
3/11/2020 10:00,16.009
3/11/2020 11:00,15.787
3/11/2020 12:00,15.589
3/11/2020 13:00,15.952
3/11/2020 14:00,15.824
3/11/2020 15:00,16.141
